epoch,step,train_loss
0,49,0.8156898617744446
1,99,0.20906847715377808
